"distanceCoveredPerPatrolOnShift[km]","distanceCoveredPerPatrolOnShiftPerHour[km]"
128.2464255319149,16.030803191489362
223.92107500000003,27.990134375000004
