"distanceCoveredPerPatrolOnShift[km]","distanceCoveredPerPatrolOnShiftPerHour[km]"
129.53242857142857,16.19155357142857
176.74806122448982,22.093507653061227
