"distanceCoveredPerPatrolOnShift[km]","distanceCoveredPerPatrolOnShiftPerHour[km]"
106.20828571428571,13.276035714285713
108.17705333333333,13.522131666666667
