{"cameraMode":{"drawMode":0,"name":"Shaded","section":"Shading Mode"},"sceneLighting":true,"audioPlay":false,"sceneViewState":{"m_AlwaysRefresh":false,"showFog":true,"showSkybox":true,"showFlares":true,"showImageEffects":true,"showParticleSystems":true,"showVisualEffectGraphs":true,"m_FxEnabled":true},"in2DMode":false,"pivot":{"x":254.25392150878907,"y":-57.126434326171878,"z":223.6568145751953},"rotation":{"x":-0.12117334455251694,"y":0.8554463386535645,"z":-0.23210598528385163,"w":-0.4470309615135193},"size":103.07765197753906,"orthographic":false}