"distanceCoveredPerPatrolOnShift[km]","distanceCoveredPerPatrolOnShiftPerHour[km]"
124.74944186046511,15.593680232558139
163.23671153846152,20.40458894230769
