"distanceCoveredPerPatrolOnShift[km]","distanceCoveredPerPatrolOnShiftPerHour[km]"
120.1915573770492,15.02394467213115
175.4963829787234,21.937047872340425
