{"cameraMode":{"drawMode":0,"name":"Shaded","section":"Shading Mode"},"sceneLighting":true,"audioPlay":false,"sceneViewState":{"m_AlwaysRefresh":false,"showFog":true,"showSkybox":true,"showFlares":true,"showImageEffects":true,"showParticleSystems":true,"showVisualEffectGraphs":true,"m_FxEnabled":true},"in2DMode":false,"pivot":{"x":234.1199951171875,"y":57.80000305175781,"z":424.1600036621094},"rotation":{"x":0.32172855734825137,"y":0.04258833825588226,"z":-0.014486991800367833,"w":0.9457628726959229},"size":12.124357223510743,"orthographic":false}